date,WeekdayNo,Weekday,HolidayFlag,SchoolHolidayFlag,Sales
2012-01-01,6,Sun,True,True,117.0
2012-01-02,0,Mon,False,True,106.0
2012-01-03,1,Tue,False,True,82.0
2012-01-04,2,Wed,False,True,70.0
2012-01-05,3,Thur,False,True,84.0
2012-01-06,4,Fri,False,True,89.0
2012-01-07,5,Sat,False,False,70.0
2012-01-08,6,Sun,False,False,108.0
2012-01-09,0,Mon,False,False,115.0
2012-01-10,1,Tue,False,False,89.0
2012-01-11,2,Wed,False,False,81.0
2012-01-12,3,Thur,False,False,95.0
2012-01-13,4,Fri,False,False,100.0
2012-01-14,5,Sat,False,False,72.0
2012-01-15,6,Sun,False,False,111.0
2012-01-16,0,Mon,False,False,112.0
2012-01-17,1,Tue,False,False,87.0
2012-01-18,2,Wed,False,False,84.0
2012-01-19,3,Thur,False,False,90.0
2012-01-20,4,Fri,False,False,99.0
2012-01-21,5,Sat,False,False,71.0
2012-01-22,6,Sun,False,False,110.0
2012-01-23,0,Mon,False,False,109.0
2012-01-24,1,Tue,False,False,89.0
2012-01-25,2,Wed,False,False,83.0
2012-01-26,3,Thur,False,False,94.0
2012-01-27,4,Fri,False,False,83.0
2012-01-28,5,Sat,False,False,70.0
2012-01-29,6,Sun,False,False,109.0
2012-01-30,0,Mon,False,False,117.0
2012-01-31,1,Tue,False,False,90.0
2012-02-01,2,Wed,False,False,81.0
2012-02-02,3,Thur,False,False,94.0
2012-02-03,4,Fri,False,False,100.0
2012-02-04,5,Sat,False,False,72.0
2012-02-05,6,Sun,False,False,109.0
2012-02-06,0,Mon,False,False,112.0
2012-02-07,1,Tue,False,False,87.0
2012-02-08,2,Wed,False,False,76.0
2012-02-09,3,Thur,False,False,96.0
2012-02-10,4,Fri,False,False,101.0
2012-02-11,5,Sat,False,False,72.0
2012-02-12,6,Sun,False,False,108.0
2012-02-13,0,Mon,False,False,114.0
2012-02-14,1,Tue,False,False,87.0
2012-02-15,2,Wed,False,False,84.0
2012-02-16,3,Thur,False,False,96.0
2012-02-17,4,Fri,False,False,98.0
2012-02-18,5,Sat,False,False,71.0
2012-02-19,6,Sun,False,False,109.0
2012-02-20,0,Mon,False,False,116.0
2012-02-21,1,Tue,False,False,87.0
2012-02-22,2,Wed,False,False,77.0
2012-02-23,3,Thur,False,False,95.0
2012-02-24,4,Fri,False,False,104.0
2012-02-25,5,Sat,False,False,69.0
2012-02-26,6,Sun,False,False,107.0
2012-02-27,0,Mon,False,False,118.0
2012-02-28,1,Tue,False,False,88.0
2012-02-29,2,Wed,False,False,79.0
2012-03-01,3,Thur,False,False,95.0
2012-03-02,4,Fri,False,False,95.0
2012-03-03,5,Sat,False,False,69.0
2012-03-04,6,Sun,False,False,107.0
2012-03-05,0,Mon,False,False,114.0
2012-03-06,1,Tue,False,False,88.0
2012-03-07,2,Wed,False,False,81.0
2012-03-08,3,Thur,False,False,90.0
2012-03-09,4,Fri,False,False,99.0
2012-03-10,5,Sat,False,False,71.0
2012-03-11,6,Sun,False,False,107.0
2012-03-12,0,Mon,False,False,117.0
2012-03-13,1,Tue,False,False,85.0
2012-03-14,2,Wed,False,False,86.0
2012-03-15,3,Thur,False,False,93.0
2012-03-16,4,Fri,False,False,108.0
2012-03-17,5,Sat,False,False,69.0
2012-03-18,6,Sun,False,False,106.0
2012-03-19,0,Mon,False,False,122.0
2012-03-20,1,Tue,False,False,89.0
2012-03-21,2,Wed,False,False,69.0
2012-03-22,3,Thur,False,False,96.0
2012-03-23,4,Fri,False,False,104.0
2012-03-24,5,Sat,False,False,69.0
2012-03-25,6,Sun,False,False,113.0
2012-03-26,0,Mon,False,False,115.0
2012-03-27,1,Tue,False,False,90.0
2012-03-28,2,Wed,False,False,79.0
2012-03-29,3,Thur,False,False,94.0
2012-03-30,4,Fri,False,False,109.0
2012-03-31,5,Sat,False,False,70.0
2012-04-01,6,Sun,False,False,110.0
2012-04-02,0,Mon,False,True,109.0
2012-04-03,1,Tue,False,True,82.0
2012-04-04,2,Wed,False,True,64.0
2012-04-05,3,Thur,False,True,90.0
2012-04-06,4,Fri,True,True,107.0
2012-04-07,5,Sat,False,True,64.0
2012-04-08,6,Sun,False,True,101.0
2012-04-09,0,Mon,True,True,117.0
2012-04-10,1,Tue,False,True,84.0
2012-04-11,2,Wed,False,True,73.0
2012-04-12,3,Thur,False,True,89.0
2012-04-13,4,Fri,False,True,92.0
2012-04-14,5,Sat,False,True,60.0
2012-04-15,6,Sun,False,False,107.0
2012-04-16,0,Mon,False,False,114.0
2012-04-17,1,Tue,False,False,88.0
2012-04-18,2,Wed,False,False,79.0
2012-04-19,3,Thur,False,False,93.0
2012-04-20,4,Fri,False,False,97.0
2012-04-21,5,Sat,False,False,69.0
2012-04-22,6,Sun,False,False,106.0
2012-04-23,0,Mon,False,False,113.0
2012-04-24,1,Tue,False,False,90.0
2012-04-25,2,Wed,False,False,75.0
2012-04-26,3,Thur,False,False,91.0
2012-04-27,4,Fri,False,False,101.0
2012-04-28,5,Sat,False,False,70.0
2012-04-29,6,Sun,False,False,109.0
2012-04-30,0,Mon,False,False,110.0
2012-05-01,1,Tue,True,False,104.0
2012-05-02,2,Wed,False,False,77.0
2012-05-03,3,Thur,False,False,95.0
2012-05-04,4,Fri,False,False,105.0
2012-05-05,5,Sat,False,False,69.0
2012-05-06,6,Sun,False,False,112.0
2012-05-07,0,Mon,False,False,115.0
2012-05-08,1,Tue,False,False,87.0
2012-05-09,2,Wed,False,False,79.0
2012-05-10,3,Thur,False,False,93.0
2012-05-11,4,Fri,False,False,103.0
2012-05-12,5,Sat,False,False,65.0
2012-05-13,6,Sun,False,False,111.0
2012-05-14,0,Mon,False,False,110.0
2012-05-15,1,Tue,False,False,87.0
2012-05-16,2,Wed,False,False,83.0
2012-05-17,3,Thur,True,False,108.0
2012-05-18,4,Fri,False,False,95.0
2012-05-19,5,Sat,False,False,70.0
2012-05-20,6,Sun,False,False,107.0
2012-05-21,0,Mon,False,False,118.0
2012-05-22,1,Tue,False,False,90.0
2012-05-23,2,Wed,False,False,77.0
2012-05-24,3,Thur,False,False,94.0
2012-05-25,4,Fri,False,False,102.0
2012-05-26,5,Sat,False,False,72.0
2012-05-27,6,Sun,False,False,108.0
2012-05-28,0,Mon,True,False,129.0
2012-05-29,1,Tue,False,True,84.0
2012-05-30,2,Wed,False,False,74.0
2012-05-31,3,Thur,False,False,92.0
2012-06-01,4,Fri,False,False,102.0
2012-06-02,5,Sat,False,False,68.0
2012-06-03,6,Sun,False,False,109.0
2012-06-04,0,Mon,False,False,110.0
2012-06-05,1,Tue,False,False,88.0
2012-06-06,2,Wed,False,False,79.0
2012-06-07,3,Thur,True,False,114.0
2012-06-08,4,Fri,False,False,103.0
2012-06-09,5,Sat,False,False,72.0
2012-06-10,6,Sun,False,False,107.0
2012-06-11,0,Mon,False,False,112.0
2012-06-12,1,Tue,False,False,88.0
2012-06-13,2,Wed,False,False,79.0
2012-06-14,3,Thur,False,False,97.0
2012-06-15,4,Fri,False,False,100.0
2012-06-16,5,Sat,False,False,71.0
2012-06-17,6,Sun,False,False,111.0
2012-06-18,0,Mon,False,False,117.0
2012-06-19,1,Tue,False,False,87.0
2012-06-20,2,Wed,False,False,84.0
2012-06-21,3,Thur,False,False,91.0
2012-06-22,4,Fri,False,False,102.0
2012-06-23,5,Sat,False,False,72.0
2012-06-24,6,Sun,False,False,109.0
2012-06-25,0,Mon,False,False,109.0
2012-06-26,1,Tue,False,False,88.0
2012-06-27,2,Wed,False,False,75.0
2012-06-28,3,Thur,False,False,94.0
2012-06-29,4,Fri,False,False,95.0
2012-06-30,5,Sat,False,False,70.0
2012-07-01,6,Sun,False,False,108.0
2012-07-02,0,Mon,False,False,111.0
2012-07-03,1,Tue,False,False,89.0
2012-07-04,2,Wed,False,False,84.0
2012-07-05,3,Thur,False,False,92.0
2012-07-06,4,Fri,False,False,95.0
2012-07-07,5,Sat,False,False,68.0
2012-07-08,6,Sun,False,False,109.0
2012-07-09,0,Mon,False,True,103.0
2012-07-10,1,Tue,False,True,78.0
2012-07-11,2,Wed,False,True,67.0
2012-07-12,3,Thur,False,True,86.0
2012-07-13,4,Fri,False,True,82.0
2012-07-14,5,Sat,False,True,65.0
2012-07-15,6,Sun,False,True,103.0
2012-07-16,0,Mon,False,True,108.0
2012-07-17,1,Tue,False,True,75.0
2012-07-18,2,Wed,False,True,81.0
2012-07-19,3,Thur,False,True,81.0
2012-07-20,4,Fri,False,True,91.0
2012-07-21,5,Sat,False,True,62.0
2012-07-22,6,Sun,False,True,101.0
2012-07-23,0,Mon,False,True,99.0
2012-07-24,1,Tue,False,True,72.0
2012-07-25,2,Wed,False,True,70.0
2012-07-26,3,Thur,False,True,81.0
2012-07-27,4,Fri,False,True,85.0
2012-07-28,5,Sat,False,True,64.0
2012-07-29,6,Sun,False,True,105.0
2012-07-30,0,Mon,False,True,106.0
2012-07-31,1,Tue,False,True,76.0
2012-08-01,2,Wed,False,True,73.0
2012-08-02,3,Thur,False,True,87.0
2012-08-03,4,Fri,False,True,90.0
2012-08-04,5,Sat,False,True,58.0
2012-08-05,6,Sun,False,True,107.0
2012-08-06,0,Mon,False,True,109.0
2012-08-07,1,Tue,False,True,80.0
2012-08-08,2,Wed,False,True,72.0
2012-08-09,3,Thur,False,True,89.0
2012-08-10,4,Fri,False,True,90.0
2012-08-11,5,Sat,False,True,61.0
2012-08-12,6,Sun,False,True,98.0
2012-08-13,0,Mon,False,True,97.0
2012-08-14,1,Tue,False,True,81.0
2012-08-15,2,Wed,False,True,84.0
2012-08-16,3,Thur,False,True,85.0
2012-08-17,4,Fri,False,True,98.0
2012-08-18,5,Sat,False,True,67.0
2012-08-19,6,Sun,False,True,97.0
2012-08-20,0,Mon,False,True,109.0
2012-08-21,1,Tue,False,True,80.0
2012-08-22,2,Wed,False,False,83.0
2012-08-23,3,Thur,False,False,96.0
2012-08-24,4,Fri,False,False,103.0
2012-08-25,5,Sat,False,False,68.0
2012-08-26,6,Sun,False,False,107.0
2012-08-27,0,Mon,False,False,114.0
2012-08-28,1,Tue,False,False,86.0
2012-08-29,2,Wed,False,False,82.0
2012-08-30,3,Thur,False,False,95.0
2012-08-31,4,Fri,False,False,104.0
2012-09-01,5,Sat,False,False,70.0
2012-09-02,6,Sun,False,False,106.0
2012-09-03,0,Mon,False,False,118.0
2012-09-04,1,Tue,False,False,91.0
2012-09-05,2,Wed,False,False,81.0
2012-09-06,3,Thur,False,False,94.0
2012-09-07,4,Fri,False,False,101.0
2012-09-08,5,Sat,False,False,71.0
2012-09-09,6,Sun,False,False,109.0
2012-09-10,0,Mon,False,False,117.0
2012-09-11,1,Tue,False,False,86.0
2012-09-12,2,Wed,False,False,80.0
2012-09-13,3,Thur,False,False,96.0
2012-09-14,4,Fri,False,False,101.0
2012-09-15,5,Sat,False,False,69.0
2012-09-16,6,Sun,False,False,111.0
2012-09-17,0,Mon,False,False,119.0
2012-09-18,1,Tue,False,False,90.0
2012-09-19,2,Wed,False,False,81.0
2012-09-20,3,Thur,False,False,92.0
2012-09-21,4,Fri,False,False,90.0
2012-09-22,5,Sat,False,False,69.0
2012-09-23,6,Sun,False,False,108.0
2012-09-24,0,Mon,False,False,116.0
2012-09-25,1,Tue,False,False,87.0
2012-09-26,2,Wed,False,False,78.0
2012-09-27,3,Thur,False,False,94.0
2012-09-28,4,Fri,False,False,97.0
2012-09-29,5,Sat,False,False,67.0
2012-09-30,6,Sun,False,False,109.0
2012-10-01,0,Mon,False,False,119.0
2012-10-02,1,Tue,False,False,89.0
2012-10-03,2,Wed,True,False,86.0
2012-10-04,3,Thur,False,False,92.0
2012-10-05,4,Fri,False,False,102.0
2012-10-06,5,Sat,False,False,66.0
2012-10-07,6,Sun,False,False,113.0
2012-10-08,0,Mon,False,True,107.0
2012-10-09,1,Tue,False,True,78.0
2012-10-10,2,Wed,False,True,77.0
2012-10-11,3,Thur,False,True,81.0
2012-10-12,4,Fri,False,True,94.0
2012-10-13,5,Sat,False,True,65.0
2012-10-14,6,Sun,False,True,105.0
2012-10-15,0,Mon,False,True,107.0
2012-10-16,1,Tue,False,True,83.0
2012-10-17,2,Wed,False,True,77.0
2012-10-18,3,Thur,False,True,86.0
2012-10-19,4,Fri,False,True,90.0
2012-10-20,5,Sat,False,True,65.0
2012-10-21,6,Sun,False,False,113.0
2012-10-22,0,Mon,False,False,114.0
2012-10-23,1,Tue,False,False,88.0
2012-10-24,2,Wed,False,False,78.0
2012-10-25,3,Thur,False,False,90.0
2012-10-26,4,Fri,False,False,113.0
2012-10-27,5,Sat,False,False,70.0
2012-10-28,6,Sun,False,False,109.0
2012-10-29,0,Mon,False,False,120.0
2012-10-30,1,Tue,False,False,88.0
2012-10-31,2,Wed,False,False,76.0
2012-11-01,3,Thur,True,False,104.0
2012-11-02,4,Fri,False,False,100.0
2012-11-03,5,Sat,False,False,73.0
2012-11-04,6,Sun,False,False,109.0
2012-11-05,0,Mon,False,False,113.0
2012-11-06,1,Tue,False,False,88.0
2012-11-07,2,Wed,False,False,87.0
2012-11-08,3,Thur,False,False,92.0
2012-11-09,4,Fri,False,False,97.0
2012-11-10,5,Sat,False,False,71.0
2012-11-11,6,Sun,False,False,109.0
2012-11-12,0,Mon,False,False,117.0
2012-11-13,1,Tue,False,False,87.0
2012-11-14,2,Wed,False,False,69.0
2012-11-15,3,Thur,False,False,92.0
2012-11-16,4,Fri,False,False,91.0
2012-11-17,5,Sat,False,False,71.0
2012-11-18,6,Sun,False,False,111.0
2012-11-19,0,Mon,False,False,115.0
2012-11-20,1,Tue,False,False,88.0
2012-11-21,2,Wed,False,False,79.0
2012-11-22,3,Thur,False,False,94.0
2012-11-23,4,Fri,False,False,104.0
2012-11-24,5,Sat,False,False,73.0
2012-11-25,6,Sun,False,False,111.0
2012-11-26,0,Mon,False,False,121.0
2012-11-27,1,Tue,False,False,89.0
2012-11-28,2,Wed,False,False,82.0
2012-11-29,3,Thur,False,False,92.0
2012-11-30,4,Fri,False,False,109.0
2012-12-01,5,Sat,False,False,69.0
2012-12-02,6,Sun,False,False,110.0
2012-12-03,0,Mon,False,False,116.0
2012-12-04,1,Tue,False,False,88.0
2012-12-05,2,Wed,False,False,82.0
2012-12-06,3,Thur,False,False,95.0
2012-12-07,4,Fri,False,False,99.0
2012-12-08,5,Sat,False,False,68.0
2012-12-09,6,Sun,False,False,108.0
2012-12-10,0,Mon,False,False,119.0
2012-12-11,1,Tue,False,False,88.0
2012-12-12,2,Wed,False,False,76.0
2012-12-13,3,Thur,False,False,94.0
2012-12-14,4,Fri,False,False,92.0
2012-12-15,5,Sat,False,False,74.0
2012-12-16,6,Sun,False,False,110.0
2012-12-17,0,Mon,False,False,115.0
2012-12-18,1,Tue,False,False,86.0
2012-12-19,2,Wed,False,False,73.0
2012-12-20,3,Thur,False,False,95.0
2012-12-21,4,Fri,False,True,87.0
2012-12-22,5,Sat,False,True,61.0
2012-12-23,6,Sun,False,True,95.0
2012-12-24,0,Mon,False,True,112.0
2012-12-25,1,Tue,True,True,94.0
2012-12-26,2,Wed,True,True,90.0
2012-12-27,3,Thur,False,True,85.0
2012-12-28,4,Fri,False,True,74.0
2012-12-29,5,Sat,False,True,67.0
2012-12-30,6,Sun,False,True,101.0
2012-12-31,0,Mon,False,True,106.0
2013-01-01,1,Tue,True,True,98.0
2013-01-02,2,Wed,False,True,69.0
2013-01-03,3,Thur,False,True,92.0
2013-01-04,4,Fri,False,True,82.0
2013-01-05,5,Sat,False,False,72.0
2013-01-06,6,Sun,False,False,107.0
2013-01-07,0,Mon,False,False,114.0
2013-01-08,1,Tue,False,False,88.0
2013-01-09,2,Wed,False,False,81.0
2013-01-10,3,Thur,False,False,93.0
2013-01-11,4,Fri,False,False,103.0
2013-01-12,5,Sat,False,False,67.0
2013-01-13,6,Sun,False,False,108.0
2013-01-14,0,Mon,False,False,112.0
2013-01-15,1,Tue,False,False,88.0
2013-01-16,2,Wed,False,False,76.0
2013-01-17,3,Thur,False,False,93.0
2013-01-18,4,Fri,False,False,106.0
2013-01-19,5,Sat,False,False,71.0
2013-01-20,6,Sun,False,False,111.0
2013-01-21,0,Mon,False,False,111.0
2013-01-22,1,Tue,False,False,87.0
2013-01-23,2,Wed,False,False,75.0
2013-01-24,3,Thur,False,False,90.0
2013-01-25,4,Fri,False,False,101.0
2013-01-26,5,Sat,False,False,70.0
2013-01-27,6,Sun,False,False,107.0
2013-01-28,0,Mon,False,False,118.0
2013-01-29,1,Tue,False,False,91.0
2013-01-30,2,Wed,False,False,81.0
2013-01-31,3,Thur,False,False,94.0
2013-02-01,4,Fri,False,False,95.0
2013-02-02,5,Sat,False,False,70.0
2013-02-03,6,Sun,False,False,111.0
2013-02-04,0,Mon,False,False,116.0
2013-02-05,1,Tue,False,False,86.0
2013-02-06,2,Wed,False,False,78.0
2013-02-07,3,Thur,False,False,96.0
2013-02-08,4,Fri,False,False,94.0
2013-02-09,5,Sat,False,False,70.0
2013-02-10,6,Sun,False,False,108.0
2013-02-11,0,Mon,False,False,112.0
2013-02-12,1,Tue,False,False,89.0
2013-02-13,2,Wed,False,False,85.0
2013-02-14,3,Thur,False,False,93.0
2013-02-15,4,Fri,False,False,102.0
2013-02-16,5,Sat,False,False,69.0
2013-02-17,6,Sun,False,False,107.0
2013-02-18,0,Mon,False,False,117.0
2013-02-19,1,Tue,False,False,91.0
2013-02-20,2,Wed,False,False,78.0
2013-02-21,3,Thur,False,False,92.0
2013-02-22,4,Fri,False,False,98.0
2013-02-23,5,Sat,False,False,74.0
2013-02-24,6,Sun,False,False,107.0
2013-02-25,0,Mon,False,False,113.0
2013-02-26,1,Tue,False,False,88.0
2013-02-27,2,Wed,False,False,80.0
2013-02-28,3,Thur,False,False,94.0
2013-03-01,4,Fri,False,False,111.0
2013-03-02,5,Sat,False,False,68.0
2013-03-03,6,Sun,False,False,107.0
2013-03-04,0,Mon,False,False,115.0
2013-03-05,1,Tue,False,False,87.0
2013-03-06,2,Wed,False,False,79.0
2013-03-07,3,Thur,False,False,93.0
2013-03-08,4,Fri,False,False,100.0
2013-03-09,5,Sat,False,False,70.0
2013-03-10,6,Sun,False,False,107.0
2013-03-11,0,Mon,False,False,105.0
2013-03-12,1,Tue,False,False,87.0
2013-03-13,2,Wed,False,False,81.0
2013-03-14,3,Thur,False,False,92.0
2013-03-15,4,Fri,False,False,99.0
2013-03-16,5,Sat,False,False,73.0
2013-03-17,6,Sun,False,False,109.0
2013-03-18,0,Mon,False,False,117.0
2013-03-19,1,Tue,False,False,86.0
2013-03-20,2,Wed,False,False,77.0
2013-03-21,3,Thur,False,False,95.0
2013-03-22,4,Fri,False,False,97.0
2013-03-23,5,Sat,False,False,70.0
2013-03-24,6,Sun,False,False,109.0
2013-03-25,0,Mon,False,True,108.0
2013-03-26,1,Tue,False,True,79.0
2013-03-27,2,Wed,False,True,75.0
2013-03-28,3,Thur,False,True,90.0
2013-03-29,4,Fri,True,True,100.0
2013-03-30,5,Sat,False,True,65.0
2013-03-31,6,Sun,False,True,100.0
2013-04-01,0,Mon,True,True,123.0
2013-04-02,1,Tue,False,True,80.0
2013-04-03,2,Wed,False,True,73.0
2013-04-04,3,Thur,False,True,83.0
2013-04-05,4,Fri,False,True,104.0
2013-04-06,5,Sat,False,True,63.0
2013-04-07,6,Sun,False,False,107.0
2013-04-08,0,Mon,False,False,120.0
2013-04-09,1,Tue,False,False,89.0
2013-04-10,2,Wed,False,False,75.0
2013-04-11,3,Thur,False,False,90.0
2013-04-12,4,Fri,False,False,91.0
2013-04-13,5,Sat,False,False,71.0
2013-04-14,6,Sun,False,False,108.0
2013-04-15,0,Mon,False,False,109.0
2013-04-16,1,Tue,False,False,86.0
2013-04-17,2,Wed,False,False,86.0
2013-04-18,3,Thur,False,False,90.0
2013-04-19,4,Fri,False,False,105.0
2013-04-20,5,Sat,False,False,67.0
2013-04-21,6,Sun,False,False,106.0
2013-04-22,0,Mon,False,False,113.0
2013-04-23,1,Tue,False,False,89.0
2013-04-24,2,Wed,False,False,81.0
2013-04-25,3,Thur,False,False,95.0
2013-04-26,4,Fri,False,False,97.0
2013-04-27,5,Sat,False,False,75.0
2013-04-28,6,Sun,False,False,107.0
2013-04-29,0,Mon,False,False,114.0
2013-04-30,1,Tue,False,False,88.0
2013-05-01,2,Wed,True,False,92.0
2013-05-02,3,Thur,False,False,92.0
2013-05-03,4,Fri,False,False,98.0
2013-05-04,5,Sat,False,False,69.0
2013-05-05,6,Sun,False,False,110.0
2013-05-06,0,Mon,False,False,112.0
2013-05-07,1,Tue,False,False,87.0
2013-05-08,2,Wed,False,False,80.0
2013-05-09,3,Thur,True,False,108.0
2013-05-10,4,Fri,False,False,104.0
2013-05-11,5,Sat,False,False,71.0
2013-05-12,6,Sun,False,False,109.0
2013-05-13,0,Mon,False,False,115.0
2013-05-14,1,Tue,False,False,90.0
2013-05-15,2,Wed,False,False,83.0
2013-05-16,3,Thur,False,False,93.0
2013-05-17,4,Fri,False,False,95.0
2013-05-18,5,Sat,False,False,69.0
2013-05-19,6,Sun,False,False,107.0
2013-05-20,0,Mon,True,False,123.0
2013-05-21,1,Tue,False,True,75.0
2013-05-22,2,Wed,False,False,74.0
2013-05-23,3,Thur,False,False,95.0
2013-05-24,4,Fri,False,False,104.0
2013-05-25,5,Sat,False,False,71.0
2013-05-26,6,Sun,False,False,108.0
2013-05-27,0,Mon,False,False,112.0
2013-05-28,1,Tue,False,False,89.0
2013-05-29,2,Wed,False,False,83.0
2013-05-30,3,Thur,True,False,104.0
2013-05-31,4,Fri,False,False,104.0
2013-06-01,5,Sat,False,False,71.0
2013-06-02,6,Sun,False,False,110.0
2013-06-03,0,Mon,False,False,116.0
2013-06-04,1,Tue,False,False,89.0
2013-06-05,2,Wed,False,False,81.0
2013-06-06,3,Thur,False,False,94.0
2013-06-07,4,Fri,False,False,98.0
2013-06-08,5,Sat,False,False,68.0
2013-06-09,6,Sun,False,False,107.0
2013-06-10,0,Mon,False,False,119.0
2013-06-11,1,Tue,False,False,87.0
2013-06-12,2,Wed,False,False,73.0
2013-06-13,3,Thur,False,False,95.0
2013-06-14,4,Fri,False,False,100.0
2013-06-15,5,Sat,False,False,71.0
2013-06-16,6,Sun,False,False,109.0
2013-06-17,0,Mon,False,False,110.0
2013-06-18,1,Tue,False,False,89.0
2013-06-19,2,Wed,False,False,73.0
2013-06-20,3,Thur,False,False,94.0
2013-06-21,4,Fri,False,False,97.0
2013-06-22,5,Sat,False,False,72.0
2013-06-23,6,Sun,False,False,107.0
2013-06-24,0,Mon,False,False,111.0
2013-06-25,1,Tue,False,False,88.0
2013-06-26,2,Wed,False,False,76.0
2013-06-27,3,Thur,False,False,95.0
2013-06-28,4,Fri,False,False,104.0
2013-06-29,5,Sat,False,False,68.0
2013-06-30,6,Sun,False,False,109.0
2013-07-01,0,Mon,False,False,115.0
2013-07-02,1,Tue,False,False,88.0
2013-07-03,2,Wed,False,False,80.0
2013-07-04,3,Thur,False,False,91.0
2013-07-05,4,Fri,False,False,99.0
2013-07-06,5,Sat,False,False,68.0
2013-07-07,6,Sun,False,False,109.0
2013-07-08,0,Mon,False,False,115.0
2013-07-09,1,Tue,False,False,88.0
2013-07-10,2,Wed,False,False,76.0
2013-07-11,3,Thur,False,False,95.0
2013-07-12,4,Fri,False,False,109.0
2013-07-13,5,Sat,False,False,70.0
2013-07-14,6,Sun,False,False,110.0
2013-07-15,0,Mon,False,False,118.0
2013-07-16,1,Tue,False,False,87.0
2013-07-17,2,Wed,False,False,79.0
2013-07-18,3,Thur,False,False,92.0
2013-07-19,4,Fri,False,False,102.0
2013-07-20,5,Sat,False,False,71.0
2013-07-21,6,Sun,False,False,108.0
2013-07-22,0,Mon,False,True,110.0
2013-07-23,1,Tue,False,True,75.0
2013-07-24,2,Wed,False,True,78.0
2013-07-25,3,Thur,False,True,88.0
2013-07-26,4,Fri,False,True,100.0
2013-07-27,5,Sat,False,True,59.0
2013-07-28,6,Sun,False,True,99.0
2013-07-29,0,Mon,False,True,100.0
2013-07-30,1,Tue,False,True,78.0
2013-07-31,2,Wed,False,True,68.0
2013-08-01,3,Thur,False,True,94.0
2013-08-02,4,Fri,False,True,87.0
2013-08-03,5,Sat,False,True,61.0
2013-08-04,6,Sun,False,True,101.0
2013-08-05,0,Mon,False,True,114.0
2013-08-06,1,Tue,False,True,79.0
2013-08-07,2,Wed,False,True,71.0
2013-08-08,3,Thur,False,True,82.0
2013-08-09,4,Fri,False,True,83.0
2013-08-10,5,Sat,False,True,59.0
2013-08-11,6,Sun,False,True,99.0
2013-08-12,0,Mon,False,True,110.0
2013-08-13,1,Tue,False,True,85.0
2013-08-14,2,Wed,False,True,70.0
2013-08-15,3,Thur,False,True,85.0
2013-08-16,4,Fri,False,True,97.0
2013-08-17,5,Sat,False,True,59.0
2013-08-18,6,Sun,False,True,102.0
2013-08-19,0,Mon,False,True,113.0
2013-08-20,1,Tue,False,True,82.0
2013-08-21,2,Wed,False,True,76.0
2013-08-22,3,Thur,False,True,87.0
2013-08-23,4,Fri,False,True,97.0
2013-08-24,5,Sat,False,True,63.0
2013-08-25,6,Sun,False,True,96.0
2013-08-26,0,Mon,False,True,106.0
2013-08-27,1,Tue,False,True,83.0
2013-08-28,2,Wed,False,True,69.0
2013-08-29,3,Thur,False,True,94.0
2013-08-30,4,Fri,False,True,87.0
2013-08-31,5,Sat,False,True,62.0
2013-09-01,6,Sun,False,True,94.0
2013-09-02,0,Mon,False,True,105.0
2013-09-03,1,Tue,False,True,84.0
2013-09-04,2,Wed,False,False,81.0
2013-09-05,3,Thur,False,False,95.0
2013-09-06,4,Fri,False,False,107.0
2013-09-07,5,Sat,False,False,70.0
2013-09-08,6,Sun,False,False,109.0
2013-09-09,0,Mon,False,False,117.0
2013-09-10,1,Tue,False,False,90.0
2013-09-11,2,Wed,False,False,83.0
2013-09-12,3,Thur,False,False,95.0
2013-09-13,4,Fri,False,False,99.0
2013-09-14,5,Sat,False,False,70.0
2013-09-15,6,Sun,False,False,109.0
2013-09-16,0,Mon,False,False,112.0
2013-09-17,1,Tue,False,False,87.0
2013-09-18,2,Wed,False,False,80.0
2013-09-19,3,Thur,False,False,90.0
2013-09-20,4,Fri,False,False,96.0
2013-09-21,5,Sat,False,False,71.0
2013-09-22,6,Sun,False,False,109.0
2013-09-23,0,Mon,False,False,110.0
2013-09-24,1,Tue,False,False,89.0
2013-09-25,2,Wed,False,False,81.0
2013-09-26,3,Thur,False,False,95.0
2013-09-27,4,Fri,False,False,111.0
2013-09-28,5,Sat,False,False,72.0
2013-09-29,6,Sun,False,False,108.0
2013-09-30,0,Mon,False,False,118.0
2013-10-01,1,Tue,False,False,86.0
2013-10-02,2,Wed,False,False,80.0
2013-10-03,3,Thur,True,False,109.0
2013-10-04,4,Fri,False,False,102.0
2013-10-05,5,Sat,False,False,67.0
2013-10-06,6,Sun,False,False,110.0
2013-10-07,0,Mon,False,False,118.0
2013-10-08,1,Tue,False,False,88.0
2013-10-09,2,Wed,False,False,76.0
2013-10-10,3,Thur,False,False,93.0
2013-10-11,4,Fri,False,False,98.0
2013-10-12,5,Sat,False,False,73.0
2013-10-13,6,Sun,False,False,109.0
2013-10-14,0,Mon,False,False,115.0
2013-10-15,1,Tue,False,False,86.0
2013-10-16,2,Wed,False,False,81.0
2013-10-17,3,Thur,False,False,94.0
2013-10-18,4,Fri,False,False,100.0
2013-10-19,5,Sat,False,False,72.0
2013-10-20,6,Sun,False,False,110.0
2013-10-21,0,Mon,False,True,106.0
2013-10-22,1,Tue,False,True,84.0
2013-10-23,2,Wed,False,True,71.0
2013-10-24,3,Thur,False,True,84.0
2013-10-25,4,Fri,False,True,89.0
2013-10-26,5,Sat,False,True,66.0
2013-10-27,6,Sun,False,True,104.0
2013-10-28,0,Mon,False,True,103.0
2013-10-29,1,Tue,False,True,79.0
2013-10-30,2,Wed,False,True,76.0
2013-10-31,3,Thur,False,True,79.0
2013-11-01,4,Fri,True,True,104.0
2013-11-02,5,Sat,False,True,64.0
2013-11-03,6,Sun,False,False,108.0
2013-11-04,0,Mon,False,False,116.0
2013-11-05,1,Tue,False,False,89.0
2013-11-06,2,Wed,False,False,79.0
2013-11-07,3,Thur,False,False,95.0
2013-11-08,4,Fri,False,False,101.0
2013-11-09,5,Sat,False,False,73.0
2013-11-10,6,Sun,False,False,108.0
2013-11-11,0,Mon,False,False,112.0
2013-11-12,1,Tue,False,False,87.0
2013-11-13,2,Wed,False,False,80.0
2013-11-14,3,Thur,False,False,96.0
2013-11-15,4,Fri,False,False,100.0
2013-11-16,5,Sat,False,False,74.0
2013-11-17,6,Sun,False,False,111.0
2013-11-18,0,Mon,False,False,114.0
2013-11-19,1,Tue,False,False,88.0
2013-11-20,2,Wed,False,False,78.0
2013-11-21,3,Thur,False,False,95.0
2013-11-22,4,Fri,False,False,92.0
2013-11-23,5,Sat,False,False,66.0
2013-11-24,6,Sun,False,False,113.0
2013-11-25,0,Mon,False,False,120.0
2013-11-26,1,Tue,False,False,89.0
2013-11-27,2,Wed,False,False,87.0
2013-11-28,3,Thur,False,False,97.0
2013-11-29,4,Fri,False,False,100.0
2013-11-30,5,Sat,False,False,73.0
2013-12-01,6,Sun,False,False,110.0
2013-12-02,0,Mon,False,False,115.0
2013-12-03,1,Tue,False,False,90.0
2013-12-04,2,Wed,False,False,77.0
2013-12-05,3,Thur,False,False,96.0
2013-12-06,4,Fri,False,False,109.0
2013-12-07,5,Sat,False,False,68.0
2013-12-08,6,Sun,False,False,111.0
2013-12-09,0,Mon,False,False,111.0
2013-12-10,1,Tue,False,False,87.0
2013-12-11,2,Wed,False,False,84.0
2013-12-12,3,Thur,False,False,95.0
2013-12-13,4,Fri,False,False,100.0
2013-12-14,5,Sat,False,False,70.0
2013-12-15,6,Sun,False,False,109.0
2013-12-16,0,Mon,False,False,123.0
2013-12-17,1,Tue,False,False,90.0
2013-12-18,2,Wed,False,False,73.0
2013-12-19,3,Thur,False,False,93.0
2013-12-20,4,Fri,False,False,103.0
2013-12-21,5,Sat,False,False,72.0
2013-12-22,6,Sun,False,False,110.0
2013-12-23,0,Mon,False,True,112.0
2013-12-24,1,Tue,False,True,77.0
2013-12-25,2,Wed,True,True,91.0
2013-12-26,3,Thur,True,True,98.0
2013-12-27,4,Fri,False,True,97.0
2013-12-28,5,Sat,False,True,64.0
2013-12-29,6,Sun,False,True,99.0
2013-12-30,0,Mon,False,True,107.0
2013-12-31,1,Tue,False,True,85.0
2014-01-01,2,Wed,True,True,78.0
2014-01-02,3,Thur,False,True,88.0
2014-01-03,4,Fri,False,True,87.0
2014-01-04,5,Sat,False,True,60.0
2014-01-05,6,Sun,False,True,102.0
2014-01-06,0,Mon,False,True,99.0
2014-01-07,1,Tue,False,True,83.0
2014-01-08,2,Wed,False,False,81.0
2014-01-09,3,Thur,False,False,94.0
2014-01-10,4,Fri,False,False,105.0
2014-01-11,5,Sat,False,False,69.0
2014-01-12,6,Sun,False,False,108.0
2014-01-13,0,Mon,False,False,120.0
2014-01-14,1,Tue,False,False,89.0
2014-01-15,2,Wed,False,False,81.0
2014-01-16,3,Thur,False,False,94.0
2014-01-17,4,Fri,False,False,100.0
2014-01-18,5,Sat,False,False,72.0
2014-01-19,6,Sun,False,False,107.0
2014-01-20,0,Mon,False,False,119.0
2014-01-21,1,Tue,False,False,90.0
2014-01-22,2,Wed,False,False,86.0
2014-01-23,3,Thur,False,False,92.0
2014-01-24,4,Fri,False,False,100.0
2014-01-25,5,Sat,False,False,71.0
2014-01-26,6,Sun,False,False,107.0
2014-01-27,0,Mon,False,False,113.0
2014-01-28,1,Tue,False,False,87.0
2014-01-29,2,Wed,False,False,79.0
2014-01-30,3,Thur,False,False,90.0
2014-01-31,4,Fri,False,False,97.0
2014-02-01,5,Sat,False,False,71.0
2014-02-02,6,Sun,False,False,107.0
2014-02-03,0,Mon,False,False,118.0
2014-02-04,1,Tue,False,False,88.0
2014-02-05,2,Wed,False,False,91.0
2014-02-06,3,Thur,False,False,93.0
2014-02-07,4,Fri,False,False,107.0
2014-02-08,5,Sat,False,False,70.0
2014-02-09,6,Sun,False,False,111.0
2014-02-10,0,Mon,False,False,114.0
2014-02-11,1,Tue,False,False,89.0
2014-02-12,2,Wed,False,False,81.0
2014-02-13,3,Thur,False,False,93.0
2014-02-14,4,Fri,False,False,102.0
2014-02-15,5,Sat,False,False,67.0
2014-02-16,6,Sun,False,False,107.0
2014-02-17,0,Mon,False,False,112.0
2014-02-18,1,Tue,False,False,87.0
2014-02-19,2,Wed,False,False,77.0
2014-02-20,3,Thur,False,False,94.0
2014-02-21,4,Fri,False,False,96.0
2014-02-22,5,Sat,False,False,69.0
2014-02-23,6,Sun,False,False,107.0
2014-02-24,0,Mon,False,False,115.0
2014-02-25,1,Tue,False,False,88.0
2014-02-26,2,Wed,False,False,79.0
2014-02-27,3,Thur,False,False,91.0
2014-02-28,4,Fri,False,False,109.0
2014-03-01,5,Sat,False,False,70.0
2014-03-02,6,Sun,False,False,111.0
2014-03-03,0,Mon,False,False,109.0
2014-03-04,1,Tue,False,False,88.0
2014-03-05,2,Wed,False,False,77.0
2014-03-06,3,Thur,False,False,92.0
2014-03-07,4,Fri,False,False,100.0
2014-03-08,5,Sat,False,False,73.0
2014-03-09,6,Sun,False,False,107.0
2014-03-10,0,Mon,False,False,117.0
2014-03-11,1,Tue,False,False,87.0
2014-03-12,2,Wed,False,False,77.0
2014-03-13,3,Thur,False,False,94.0
2014-03-14,4,Fri,False,False,97.0
2014-03-15,5,Sat,False,False,71.0
2014-03-16,6,Sun,False,False,111.0
2014-03-17,0,Mon,False,False,115.0
2014-03-18,1,Tue,False,False,88.0
2014-03-19,2,Wed,False,False,80.0
2014-03-20,3,Thur,False,False,96.0
2014-03-21,4,Fri,False,False,94.0
2014-03-22,5,Sat,False,False,71.0
2014-03-23,6,Sun,False,False,110.0
2014-03-24,0,Mon,False,False,115.0
2014-03-25,1,Tue,False,False,88.0
2014-03-26,2,Wed,False,False,71.0
2014-03-27,3,Thur,False,False,95.0
2014-03-28,4,Fri,False,False,95.0
2014-03-29,5,Sat,False,False,66.0
2014-03-30,6,Sun,False,False,110.0
2014-03-31,0,Mon,False,False,112.0
2014-04-01,1,Tue,False,False,88.0
2014-04-02,2,Wed,False,False,74.0
2014-04-03,3,Thur,False,False,94.0
2014-04-04,4,Fri,False,False,99.0
2014-04-05,5,Sat,False,False,71.0
2014-04-06,6,Sun,False,False,108.0
2014-04-07,0,Mon,False,False,114.0
2014-04-08,1,Tue,False,False,87.0
2014-04-09,2,Wed,False,False,86.0
2014-04-10,3,Thur,False,False,96.0
2014-04-11,4,Fri,False,False,95.0
2014-04-12,5,Sat,False,False,69.0
2014-04-13,6,Sun,False,False,111.0
2014-04-14,0,Mon,False,True,105.0
2014-04-15,1,Tue,False,True,82.0
2014-04-16,2,Wed,False,True,62.0
2014-04-17,3,Thur,False,True,77.0
2014-04-18,4,Fri,True,True,114.0
2014-04-19,5,Sat,False,True,68.0
2014-04-20,6,Sun,False,True,96.0
2014-04-21,0,Mon,True,True,123.0
2014-04-22,1,Tue,False,True,79.0
2014-04-23,2,Wed,False,True,78.0
2014-04-24,3,Thur,False,True,84.0
2014-04-25,4,Fri,False,True,93.0
2014-04-26,5,Sat,False,True,67.0
2014-04-27,6,Sun,False,False,108.0
2014-04-28,0,Mon,False,False,108.0
2014-04-29,1,Tue,False,False,88.0
2014-04-30,2,Wed,False,False,77.0
2014-05-01,3,Thur,True,False,114.0
2014-05-02,4,Fri,False,False,98.0
2014-05-03,5,Sat,False,False,69.0
2014-05-04,6,Sun,False,False,107.0
2014-05-05,0,Mon,False,False,114.0
2014-05-06,1,Tue,False,False,88.0
2014-05-07,2,Wed,False,False,88.0
2014-05-08,3,Thur,False,False,94.0
2014-05-09,4,Fri,False,False,98.0
2014-05-10,5,Sat,False,False,69.0
2014-05-11,6,Sun,False,False,109.0
2014-05-12,0,Mon,False,False,118.0
2014-05-13,1,Tue,False,False,89.0
2014-05-14,2,Wed,False,False,82.0
2014-05-15,3,Thur,False,False,94.0
2014-05-16,4,Fri,False,False,99.0
2014-05-17,5,Sat,False,False,72.0
2014-05-18,6,Sun,False,False,107.0
2014-05-19,0,Mon,False,False,121.0
2014-05-20,1,Tue,False,False,86.0
2014-05-21,2,Wed,False,False,81.0
2014-05-22,3,Thur,False,False,93.0
2014-05-23,4,Fri,False,False,101.0
2014-05-24,5,Sat,False,False,69.0
2014-05-25,6,Sun,False,False,107.0
2014-05-26,0,Mon,False,False,115.0
2014-05-27,1,Tue,False,False,88.0
2014-05-28,2,Wed,False,False,83.0
2014-05-29,3,Thur,True,False,102.0
2014-05-30,4,Fri,False,False,101.0
2014-05-31,5,Sat,False,False,68.0
2014-06-01,6,Sun,False,False,107.0
2014-06-02,0,Mon,False,False,117.0
2014-06-03,1,Tue,False,False,86.0
2014-06-04,2,Wed,False,False,79.0
2014-06-05,3,Thur,False,False,95.0
2014-06-06,4,Fri,False,False,93.0
2014-06-07,5,Sat,False,False,70.0
2014-06-08,6,Sun,False,False,108.0
2014-06-09,0,Mon,True,False,128.0
2014-06-10,1,Tue,False,True,86.0
2014-06-11,2,Wed,False,False,79.0
2014-06-12,3,Thur,False,False,94.0
2014-06-13,4,Fri,False,False,95.0
2014-06-14,5,Sat,False,False,71.0
2014-06-15,6,Sun,False,False,109.0
2014-06-16,0,Mon,False,False,116.0
2014-06-17,1,Tue,False,False,89.0
2014-06-18,2,Wed,False,False,78.0
2014-06-19,3,Thur,True,False,113.0
2014-06-20,4,Fri,False,False,100.0
2014-06-21,5,Sat,False,False,69.0
2014-06-22,6,Sun,False,False,110.0
2014-06-23,0,Mon,False,False,119.0
2014-06-24,1,Tue,False,False,89.0
2014-06-25,2,Wed,False,False,83.0
2014-06-26,3,Thur,False,False,97.0
2014-06-27,4,Fri,False,False,100.0
2014-06-28,5,Sat,False,False,72.0
2014-06-29,6,Sun,False,False,109.0
2014-06-30,0,Mon,False,False,120.0
2014-07-01,1,Tue,False,False,90.0
2014-07-02,2,Wed,False,False,72.0
2014-07-03,3,Thur,False,False,94.0
2014-07-04,4,Fri,False,False,97.0
2014-07-05,5,Sat,False,False,70.0
2014-07-06,6,Sun,False,False,112.0
2014-07-07,0,Mon,False,True,110.0
2014-07-08,1,Tue,False,True,78.0
2014-07-09,2,Wed,False,True,67.0
2014-07-10,3,Thur,False,True,82.0
2014-07-11,4,Fri,False,True,93.0
2014-07-12,5,Sat,False,True,66.0
2014-07-13,6,Sun,False,True,103.0
2014-07-14,0,Mon,False,True,111.0
2014-07-15,1,Tue,False,True,80.0
2014-07-16,2,Wed,False,True,66.0
2014-07-17,3,Thur,False,True,84.0
2014-07-18,4,Fri,False,True,97.0
2014-07-19,5,Sat,False,True,64.0
2014-07-20,6,Sun,False,True,99.0
2014-07-21,0,Mon,False,True,107.0
2014-07-22,1,Tue,False,True,78.0
2014-07-23,2,Wed,False,True,79.0
2014-07-24,3,Thur,False,True,87.0
2014-07-25,4,Fri,False,True,95.0
2014-07-26,5,Sat,False,True,66.0
2014-07-27,6,Sun,False,True,99.0
2014-07-28,0,Mon,False,True,109.0
2014-07-29,1,Tue,False,True,84.0
2014-07-30,2,Wed,False,True,68.0
2014-07-31,3,Thur,False,True,90.0
2014-08-01,4,Fri,False,True,99.0
2014-08-02,5,Sat,False,True,61.0
2014-08-03,6,Sun,False,True,99.0
2014-08-04,0,Mon,False,True,114.0
2014-08-05,1,Tue,False,True,84.0
2014-08-06,2,Wed,False,True,68.0
2014-08-07,3,Thur,False,True,76.0
2014-08-08,4,Fri,False,True,82.0
2014-08-09,5,Sat,False,True,57.0
2014-08-10,6,Sun,False,True,106.0
2014-08-11,0,Mon,False,True,104.0
2014-08-12,1,Tue,False,True,76.0
2014-08-13,2,Wed,False,True,68.0
2014-08-14,3,Thur,False,True,92.0
2014-08-15,4,Fri,False,True,91.0
2014-08-16,5,Sat,False,True,69.0
2014-08-17,6,Sun,False,True,102.0
2014-08-18,0,Mon,False,True,109.0
2014-08-19,1,Tue,False,True,80.0
2014-08-20,2,Wed,False,False,76.0
2014-08-21,3,Thur,False,False,94.0
2014-08-22,4,Fri,False,False,99.0
2014-08-23,5,Sat,False,False,66.0
2014-08-24,6,Sun,False,False,112.0
2014-08-25,0,Mon,False,False,113.0
2014-08-26,1,Tue,False,False,89.0
2014-08-27,2,Wed,False,False,75.0
2014-08-28,3,Thur,False,False,94.0
2014-08-29,4,Fri,False,False,104.0
2014-08-30,5,Sat,False,False,70.0
2014-08-31,6,Sun,False,False,107.0
2014-09-01,0,Mon,False,False,116.0
2014-09-02,1,Tue,False,False,88.0
2014-09-03,2,Wed,False,False,71.0
2014-09-04,3,Thur,False,False,94.0
2014-09-05,4,Fri,False,False,108.0
2014-09-06,5,Sat,False,False,69.0
2014-09-07,6,Sun,False,False,110.0
2014-09-08,0,Mon,False,False,114.0
2014-09-09,1,Tue,False,False,88.0
2014-09-10,2,Wed,False,False,81.0
2014-09-11,3,Thur,False,False,93.0
2014-09-12,4,Fri,False,False,107.0
2014-09-13,5,Sat,False,False,72.0
2014-09-14,6,Sun,False,False,109.0
2014-09-15,0,Mon,False,False,115.0
2014-09-16,1,Tue,False,False,90.0
2014-09-17,2,Wed,False,False,80.0
2014-09-18,3,Thur,False,False,94.0
2014-09-19,4,Fri,False,False,102.0
2014-09-20,5,Sat,False,False,69.0
2014-09-21,6,Sun,False,False,109.0
2014-09-22,0,Mon,False,False,116.0
2014-09-23,1,Tue,False,False,89.0
2014-09-24,2,Wed,False,False,75.0
2014-09-25,3,Thur,False,False,93.0
2014-09-26,4,Fri,False,False,93.0
2014-09-27,5,Sat,False,False,70.0
2014-09-28,6,Sun,False,False,107.0
2014-09-29,0,Mon,False,False,111.0
2014-09-30,1,Tue,False,False,89.0
2014-10-01,2,Wed,False,False,85.0
2014-10-02,3,Thur,False,False,92.0
2014-10-03,4,Fri,True,False,111.0
2014-10-04,5,Sat,False,False,72.0
2014-10-05,6,Sun,False,False,110.0
2014-10-06,0,Mon,False,True,111.0
2014-10-07,1,Tue,False,True,80.0
2014-10-08,2,Wed,False,True,80.0
2014-10-09,3,Thur,False,True,83.0
2014-10-10,4,Fri,False,True,98.0
2014-10-11,5,Sat,False,True,61.0
2014-10-12,6,Sun,False,True,104.0
2014-10-13,0,Mon,False,True,111.0
2014-10-14,1,Tue,False,True,87.0
2014-10-15,2,Wed,False,True,67.0
2014-10-16,3,Thur,False,True,88.0
2014-10-17,4,Fri,False,True,92.0
2014-10-18,5,Sat,False,True,66.0
2014-10-19,6,Sun,False,False,110.0
2014-10-20,0,Mon,False,False,116.0
2014-10-21,1,Tue,False,False,87.0
2014-10-22,2,Wed,False,False,82.0
2014-10-23,3,Thur,False,False,90.0
2014-10-24,4,Fri,False,False,105.0
2014-10-25,5,Sat,False,False,71.0
2014-10-26,6,Sun,False,False,109.0
2014-10-27,0,Mon,False,False,115.0
2014-10-28,1,Tue,False,False,88.0
2014-10-29,2,Wed,False,False,80.0
2014-10-30,3,Thur,False,False,96.0
2014-10-31,4,Fri,False,False,101.0
2014-11-01,5,Sat,True,False,81.0
2014-11-02,6,Sun,False,False,111.0
2014-11-03,0,Mon,False,False,121.0
2014-11-04,1,Tue,False,False,87.0
2014-11-05,2,Wed,False,False,85.0
2014-11-06,3,Thur,False,False,92.0
2014-11-07,4,Fri,False,False,101.0
2014-11-08,5,Sat,False,False,72.0
2014-11-09,6,Sun,False,False,108.0
2014-11-10,0,Mon,False,False,115.0
2014-11-11,1,Tue,False,False,88.0
2014-11-12,2,Wed,False,False,74.0
2014-11-13,3,Thur,False,False,98.0
2014-11-14,4,Fri,False,False,99.0
2014-11-15,5,Sat,False,False,68.0
2014-11-16,6,Sun,False,False,109.0
2014-11-17,0,Mon,False,False,115.0
2014-11-18,1,Tue,False,False,86.0
2014-11-19,2,Wed,False,False,80.0
2014-11-20,3,Thur,False,False,96.0
2014-11-21,4,Fri,False,False,96.0
2014-11-22,5,Sat,False,False,72.0
2014-11-23,6,Sun,False,False,108.0
2014-11-24,0,Mon,False,False,116.0
2014-11-25,1,Tue,False,False,90.0
2014-11-26,2,Wed,False,False,79.0
2014-11-27,3,Thur,False,False,95.0
2014-11-28,4,Fri,False,False,97.0
2014-11-29,5,Sat,False,False,70.0
2014-11-30,6,Sun,False,False,110.0
2014-12-01,0,Mon,False,False,114.0
2014-12-02,1,Tue,False,False,88.0
2014-12-03,2,Wed,False,False,85.0
2014-12-04,3,Thur,False,False,96.0
2014-12-05,4,Fri,False,False,96.0
2014-12-06,5,Sat,False,False,69.0
2014-12-07,6,Sun,False,False,111.0
2014-12-08,0,Mon,False,False,110.0
2014-12-09,1,Tue,False,False,89.0
2014-12-10,2,Wed,False,False,85.0
2014-12-11,3,Thur,False,False,91.0
2014-12-12,4,Fri,False,False,95.0
2014-12-13,5,Sat,False,False,76.0
2014-12-14,6,Sun,False,False,111.0
2014-12-15,0,Mon,False,False,115.0
2014-12-16,1,Tue,False,False,87.0
2014-12-17,2,Wed,False,False,78.0
2014-12-18,3,Thur,False,False,91.0
2014-12-19,4,Fri,False,False,94.0
2014-12-20,5,Sat,False,False,72.0
2014-12-21,6,Sun,False,False,108.0
2014-12-22,0,Mon,False,True,109.0
2014-12-23,1,Tue,False,True,83.0
2014-12-24,2,Wed,False,True,71.0
2014-12-25,3,Thur,True,True,103.0
2014-12-26,4,Fri,True,True,96.0
2014-12-27,5,Sat,False,True,60.0
2014-12-28,6,Sun,False,True,98.0
2014-12-29,0,Mon,False,True,108.0
2014-12-30,1,Tue,False,True,80.0
2014-12-31,2,Wed,False,True,67.0
2015-01-01,3,Thur,True,True,106.0
2015-01-02,4,Fri,False,True,92.0
2015-01-03,5,Sat,False,True,61.0
2015-01-04,6,Sun,False,True,100.0
2015-01-05,0,Mon,False,True,101.0
2015-01-06,1,Tue,False,True,77.0
2015-01-07,2,Wed,False,False,78.0
2015-01-08,3,Thur,False,False,93.0
2015-01-09,4,Fri,False,False,103.0
2015-01-10,5,Sat,False,False,67.0
2015-01-11,6,Sun,False,False,109.0
2015-01-12,0,Mon,False,False,114.0
2015-01-13,1,Tue,False,False,86.0
2015-01-14,2,Wed,False,False,79.0
2015-01-15,3,Thur,False,False,96.0
2015-01-16,4,Fri,False,False,99.0
2015-01-17,5,Sat,False,False,70.0
2015-01-18,6,Sun,False,False,107.0
2015-01-19,0,Mon,False,False,117.0
2015-01-20,1,Tue,False,False,87.0
2015-01-21,2,Wed,False,False,76.0
2015-01-22,3,Thur,False,False,94.0
2015-01-23,4,Fri,False,False,99.0
2015-01-24,5,Sat,False,False,72.0
2015-01-25,6,Sun,False,False,107.0
2015-01-26,0,Mon,False,False,118.0
2015-01-27,1,Tue,False,False,88.0
2015-01-28,2,Wed,False,False,80.0
2015-01-29,3,Thur,False,False,95.0
2015-01-30,4,Fri,False,False,110.0
2015-01-31,5,Sat,False,False,66.0
2015-02-01,6,Sun,False,False,110.0
2015-02-02,0,Mon,False,False,117.0
2015-02-03,1,Tue,False,False,89.0
2015-02-04,2,Wed,False,False,80.0
2015-02-05,3,Thur,False,False,91.0
2015-02-06,4,Fri,False,False,102.0
2015-02-07,5,Sat,False,False,69.0
2015-02-08,6,Sun,False,False,107.0
2015-02-09,0,Mon,False,False,112.0
2015-02-10,1,Tue,False,False,88.0
2015-02-11,2,Wed,False,False,79.0
2015-02-12,3,Thur,False,False,90.0
2015-02-13,4,Fri,False,False,105.0
2015-02-14,5,Sat,False,False,73.0
2015-02-15,6,Sun,False,False,114.0
2015-02-16,0,Mon,False,False,116.0
2015-02-17,1,Tue,False,False,89.0
2015-02-18,2,Wed,False,False,81.0
2015-02-19,3,Thur,False,False,93.0
2015-02-20,4,Fri,False,False,104.0
2015-02-21,5,Sat,False,False,70.0
2015-02-22,6,Sun,False,False,107.0
2015-02-23,0,Mon,False,False,115.0
2015-02-24,1,Tue,False,False,89.0
2015-02-25,2,Wed,False,False,81.0
2015-02-26,3,Thur,False,False,92.0
2015-02-27,4,Fri,False,False,99.0
2015-02-28,5,Sat,False,False,67.0
2015-03-01,6,Sun,False,False,109.0
2015-03-02,0,Mon,False,False,110.0
2015-03-03,1,Tue,False,False,93.0
2015-03-04,2,Wed,False,False,81.0
2015-03-05,3,Thur,False,False,93.0
2015-03-06,4,Fri,False,False,105.0
2015-03-07,5,Sat,False,False,73.0
2015-03-08,6,Sun,False,False,109.0
2015-03-09,0,Mon,False,False,115.0
2015-03-10,1,Tue,False,False,88.0
2015-03-11,2,Wed,False,False,77.0
2015-03-12,3,Thur,False,False,93.0
2015-03-13,4,Fri,False,False,107.0
2015-03-14,5,Sat,False,False,71.0
2015-03-15,6,Sun,False,False,108.0
2015-03-16,0,Mon,False,False,116.0
2015-03-17,1,Tue,False,False,88.0
2015-03-18,2,Wed,False,False,76.0
2015-03-19,3,Thur,False,False,93.0
2015-03-20,4,Fri,False,False,104.0
2015-03-21,5,Sat,False,False,72.0
2015-03-22,6,Sun,False,False,109.0
2015-03-23,0,Mon,False,False,118.0
2015-03-24,1,Tue,False,False,90.0
2015-03-25,2,Wed,False,False,80.0
2015-03-26,3,Thur,False,False,97.0
2015-03-27,4,Fri,False,False,93.0
2015-03-28,5,Sat,False,False,69.0
2015-03-29,6,Sun,False,False,106.0
2015-03-30,0,Mon,False,True,109.0
2015-03-31,1,Tue,False,True,82.0
2015-04-01,2,Wed,False,True,70.0
2015-04-02,3,Thur,False,True,87.0
2015-04-03,4,Fri,True,True,110.0
2015-04-04,5,Sat,False,True,60.0
2015-04-05,6,Sun,False,True,105.0
2015-04-06,0,Mon,True,True,129.0
2015-04-07,1,Tue,False,True,79.0
2015-04-08,2,Wed,False,True,77.0
2015-04-09,3,Thur,False,True,89.0
2015-04-10,4,Fri,False,True,93.0
2015-04-11,5,Sat,False,True,59.0
2015-04-12,6,Sun,False,False,108.0
2015-04-13,0,Mon,False,False,117.0
2015-04-14,1,Tue,False,False,88.0
2015-04-15,2,Wed,False,False,75.0
2015-04-16,3,Thur,False,False,91.0
2015-04-17,4,Fri,False,False,96.0
2015-04-18,5,Sat,False,False,67.0
2015-04-19,6,Sun,False,False,108.0
2015-04-20,0,Mon,False,False,112.0
2015-04-21,1,Tue,False,False,89.0
2015-04-22,2,Wed,False,False,75.0
2015-04-23,3,Thur,False,False,94.0
2015-04-24,4,Fri,False,False,94.0
2015-04-25,5,Sat,False,False,67.0
2015-04-26,6,Sun,False,False,108.0
2015-04-27,0,Mon,False,False,113.0
2015-04-28,1,Tue,False,False,88.0
2015-04-29,2,Wed,False,False,78.0
2015-04-30,3,Thur,False,False,91.0
2015-05-01,4,Fri,True,False,111.0
2015-05-02,5,Sat,False,False,68.0
2015-05-03,6,Sun,False,False,109.0
2015-05-04,0,Mon,False,False,116.0
2015-05-05,1,Tue,False,False,90.0
2015-05-06,2,Wed,False,False,78.0
2015-05-07,3,Thur,False,False,93.0
2015-05-08,4,Fri,False,False,92.0
2015-05-09,5,Sat,False,False,72.0
2015-05-10,6,Sun,False,False,113.0
2015-05-11,0,Mon,False,False,117.0
2015-05-12,1,Tue,False,False,87.0
2015-05-13,2,Wed,False,False,82.0
2015-05-14,3,Thur,True,False,110.0
2015-05-15,4,Fri,False,False,95.0
2015-05-16,5,Sat,False,False,65.0
2015-05-17,6,Sun,False,False,107.0
2015-05-18,0,Mon,False,False,120.0
2015-05-19,1,Tue,False,False,89.0
2015-05-20,2,Wed,False,False,80.0
2015-05-21,3,Thur,False,False,95.0
2015-05-22,4,Fri,False,False,97.0
2015-05-23,5,Sat,False,False,71.0
2015-05-24,6,Sun,False,False,111.0
2015-05-25,0,Mon,True,False,129.0
2015-05-26,1,Tue,False,True,72.0
2015-05-27,2,Wed,False,False,73.0
2015-05-28,3,Thur,False,False,96.0
2015-05-29,4,Fri,False,False,95.0
2015-05-30,5,Sat,False,False,68.0
2015-05-31,6,Sun,False,False,110.0
2015-06-01,0,Mon,False,False,112.0
2015-06-02,1,Tue,False,False,86.0
2015-06-03,2,Wed,False,False,76.0
2015-06-04,3,Thur,True,False,105.0
2015-06-05,4,Fri,False,False,108.0
2015-06-06,5,Sat,False,False,71.0
2015-06-07,6,Sun,False,False,108.0
2015-06-08,0,Mon,False,False,111.0
2015-06-09,1,Tue,False,False,90.0
2015-06-10,2,Wed,False,False,79.0
2015-06-11,3,Thur,False,False,94.0
2015-06-12,4,Fri,False,False,96.0
2015-06-13,5,Sat,False,False,69.0
2015-06-14,6,Sun,False,False,108.0
2015-06-15,0,Mon,False,False,107.0
2015-06-16,1,Tue,False,False,86.0
2015-06-17,2,Wed,False,False,79.0
2015-06-18,3,Thur,False,False,92.0
2015-06-19,4,Fri,False,False,94.0
2015-06-20,5,Sat,False,False,71.0
2015-06-21,6,Sun,False,False,112.0
2015-06-22,0,Mon,False,False,113.0
2015-06-23,1,Tue,False,False,89.0
2015-06-24,2,Wed,False,False,81.0
2015-06-25,3,Thur,False,False,96.0
2015-06-26,4,Fri,False,False,100.0
2015-06-27,5,Sat,False,False,71.0
2015-06-28,6,Sun,False,False,110.0
2015-06-29,0,Mon,False,True,112.0
2015-06-30,1,Tue,False,True,80.0
2015-07-01,2,Wed,False,True,68.0
2015-07-02,3,Thur,False,True,86.0
2015-07-03,4,Fri,False,True,92.0
2015-07-04,5,Sat,False,True,69.0
2015-07-05,6,Sun,False,True,97.0
2015-07-06,0,Mon,False,True,112.0
2015-07-07,1,Tue,False,True,82.0
2015-07-08,2,Wed,False,True,76.0
2015-07-09,3,Thur,False,True,90.0
2015-07-10,4,Fri,False,True,91.0
2015-07-11,5,Sat,False,True,55.0
2015-07-12,6,Sun,False,True,99.0
2015-07-13,0,Mon,False,True,108.0
2015-07-14,1,Tue,False,True,79.0
2015-07-15,2,Wed,False,True,76.0
2015-07-16,3,Thur,False,True,86.0
2015-07-17,4,Fri,False,True,87.0
2015-07-18,5,Sat,False,True,64.0
2015-07-19,6,Sun,False,True,98.0
2015-07-20,0,Mon,False,True,104.0
2015-07-21,1,Tue,False,True,82.0
2015-07-22,2,Wed,False,True,66.0
2015-07-23,3,Thur,False,True,85.0
2015-07-24,4,Fri,False,True,98.0
2015-07-25,5,Sat,False,True,57.0
2015-07-26,6,Sun,False,True,107.0
2015-07-27,0,Mon,False,True,105.0
2015-07-28,1,Tue,False,True,76.0
2015-07-29,2,Wed,False,True,67.0
2015-07-30,3,Thur,False,True,92.0
2015-07-31,4,Fri,False,True,96.0
2015-08-01,5,Sat,False,True,69.0
2015-08-02,6,Sun,False,True,106.0
2015-08-03,0,Mon,False,True,111.0
2015-08-04,1,Tue,False,True,75.0
2015-08-05,2,Wed,False,True,67.0
2015-08-06,3,Thur,False,True,86.0
2015-08-07,4,Fri,False,True,92.0
2015-08-08,5,Sat,False,True,63.0
2015-08-09,6,Sun,False,True,100.0
2015-08-10,0,Mon,False,True,108.0
2015-08-11,1,Tue,False,True,82.0
2015-08-12,2,Wed,False,False,79.0
2015-08-13,3,Thur,False,False,93.0
2015-08-14,4,Fri,False,False,96.0
2015-08-15,5,Sat,False,False,67.0
2015-08-16,6,Sun,False,False,108.0
2015-08-17,0,Mon,False,False,112.0
2015-08-18,1,Tue,False,False,89.0
2015-08-19,2,Wed,False,False,78.0
2015-08-20,3,Thur,False,False,95.0
2015-08-21,4,Fri,False,False,105.0
2015-08-22,5,Sat,False,False,67.0
2015-08-23,6,Sun,False,False,110.0
2015-08-24,0,Mon,False,False,120.0
2015-08-25,1,Tue,False,False,88.0
2015-08-26,2,Wed,False,False,77.0
2015-08-27,3,Thur,False,False,96.0
2015-08-28,4,Fri,False,False,97.0
2015-08-29,5,Sat,False,False,69.0
2015-08-30,6,Sun,False,False,111.0
2015-08-31,0,Mon,False,False,115.0
2015-09-01,1,Tue,False,False,87.0
2015-09-02,2,Wed,False,False,78.0
2015-09-03,3,Thur,False,False,95.0
2015-09-04,4,Fri,False,False,103.0
2015-09-05,5,Sat,False,False,72.0
2015-09-06,6,Sun,False,False,117.0
2015-09-07,0,Mon,False,False,118.0
2015-09-08,1,Tue,False,False,89.0
2015-09-09,2,Wed,False,False,79.0
2015-09-10,3,Thur,False,False,96.0
2015-09-11,4,Fri,False,False,101.0
2015-09-12,5,Sat,False,False,72.0
2015-09-13,6,Sun,False,False,108.0
2015-09-14,0,Mon,False,False,118.0
2015-09-15,1,Tue,False,False,87.0
2015-09-16,2,Wed,False,False,89.0
2015-09-17,3,Thur,False,False,90.0
2015-09-18,4,Fri,False,False,98.0
2015-09-19,5,Sat,False,False,69.0
2015-09-20,6,Sun,False,False,112.0
2015-09-21,0,Mon,False,False,115.0
2015-09-22,1,Tue,False,False,88.0
2015-09-23,2,Wed,False,False,78.0
2015-09-24,3,Thur,False,False,97.0
2015-09-25,4,Fri,False,False,89.0
2015-09-26,5,Sat,False,False,67.0
2015-09-27,6,Sun,False,False,110.0
2015-09-28,0,Mon,False,False,120.0
2015-09-29,1,Tue,False,False,87.0
2015-09-30,2,Wed,False,False,79.0
2015-10-01,3,Thur,False,False,94.0
2015-10-02,4,Fri,False,False,97.0
2015-10-03,5,Sat,True,False,74.0
2015-10-04,6,Sun,False,False,109.0
2015-10-05,0,Mon,False,True,106.0
2015-10-06,1,Tue,False,True,80.0
2015-10-07,2,Wed,False,True,66.0
2015-10-08,3,Thur,False,True,79.0
2015-10-09,4,Fri,False,True,95.0
2015-10-10,5,Sat,False,True,63.0
2015-10-11,6,Sun,False,True,104.0
2015-10-12,0,Mon,False,True,99.0
2015-10-13,1,Tue,False,True,77.0
2015-10-14,2,Wed,False,True,66.0
2015-10-15,3,Thur,False,True,86.0
2015-10-16,4,Fri,False,True,94.0
2015-10-17,5,Sat,False,True,59.0
2015-10-18,6,Sun,False,False,111.0
2015-10-19,0,Mon,False,False,114.0
2015-10-20,1,Tue,False,False,90.0
2015-10-21,2,Wed,False,False,74.0
2015-10-22,3,Thur,False,False,91.0
2015-10-23,4,Fri,False,False,102.0
2015-10-24,5,Sat,False,False,71.0
2015-10-25,6,Sun,False,False,109.0
2015-10-26,0,Mon,False,False,115.0
2015-10-27,1,Tue,False,False,90.0
2015-10-28,2,Wed,False,False,77.0
2015-10-29,3,Thur,False,False,93.0
2015-10-30,4,Fri,False,False,99.0
2015-10-31,5,Sat,False,False,67.0
2015-11-01,6,Sun,True,False,125.0
2015-11-02,0,Mon,False,False,122.0
2015-11-03,1,Tue,False,False,90.0
2015-11-04,2,Wed,False,False,72.0
2015-11-05,3,Thur,False,False,95.0
2015-11-06,4,Fri,False,False,107.0
2015-11-07,5,Sat,False,False,69.0
2015-11-08,6,Sun,False,False,111.0
2015-11-09,0,Mon,False,False,110.0
2015-11-10,1,Tue,False,False,88.0
2015-11-11,2,Wed,False,False,81.0
2015-11-12,3,Thur,False,False,94.0
2015-11-13,4,Fri,False,False,106.0
2015-11-14,5,Sat,False,False,70.0
2015-11-15,6,Sun,False,False,109.0
2015-11-16,0,Mon,False,False,117.0
2015-11-17,1,Tue,False,False,90.0
2015-11-18,2,Wed,False,False,83.0
2015-11-19,3,Thur,False,False,93.0
2015-11-20,4,Fri,False,False,103.0
2015-11-21,5,Sat,False,False,70.0
2015-11-22,6,Sun,False,False,108.0
2015-11-23,0,Mon,False,False,112.0
2015-11-24,1,Tue,False,False,87.0
2015-11-25,2,Wed,False,False,75.0
2015-11-26,3,Thur,False,False,91.0
2015-11-27,4,Fri,False,False,101.0
2015-11-28,5,Sat,False,False,73.0
2015-11-29,6,Sun,False,False,111.0
2015-11-30,0,Mon,False,False,114.0
2015-12-01,1,Tue,False,False,88.0
2015-12-02,2,Wed,False,False,94.0
2015-12-03,3,Thur,False,False,95.0
2015-12-04,4,Fri,False,False,97.0
2015-12-05,5,Sat,False,False,73.0
2015-12-06,6,Sun,False,False,109.0
2015-12-07,0,Mon,False,False,118.0
2015-12-08,1,Tue,False,False,88.0
2015-12-09,2,Wed,False,False,84.0
2015-12-10,3,Thur,False,False,94.0
2015-12-11,4,Fri,False,False,102.0
2015-12-12,5,Sat,False,False,70.0
2015-12-13,6,Sun,False,False,107.0
2015-12-14,0,Mon,False,False,112.0
2015-12-15,1,Tue,False,False,88.0
2015-12-16,2,Wed,False,False,81.0
2015-12-17,3,Thur,False,False,95.0
2015-12-18,4,Fri,False,False,99.0
2015-12-19,5,Sat,False,False,69.0
2015-12-20,6,Sun,False,False,111.0
2015-12-21,0,Mon,False,False,115.0
2015-12-22,1,Tue,False,False,87.0
2015-12-23,2,Wed,False,True,64.0
2015-12-24,3,Thur,False,True,86.0
2015-12-25,4,Fri,True,True,100.0
2015-12-26,5,Sat,True,True,84.0
2015-12-27,6,Sun,False,True,98.0
2015-12-28,0,Mon,False,True,100.0
2015-12-29,1,Tue,False,True,85.0
2015-12-30,2,Wed,False,True,75.0
2015-12-31,3,Thur,False,True,90.0
2016-01-01,4,Fri,True,True,92.0
2016-01-02,5,Sat,False,True,62.0
2016-01-03,6,Sun,False,True,105.0
2016-01-04,0,Mon,False,True,108.0
2016-01-05,1,Tue,False,True,77.0
2016-01-06,2,Wed,False,True,69.0
2016-01-07,3,Thur,False,False,92.0
2016-01-08,4,Fri,False,False,107.0
2016-01-09,5,Sat,False,False,66.0
2016-01-10,6,Sun,False,False,110.0
2016-01-11,0,Mon,False,False,116.0
2016-01-12,1,Tue,False,False,90.0
2016-01-13,2,Wed,False,False,83.0
2016-01-14,3,Thur,False,False,94.0
2016-01-15,4,Fri,False,False,103.0
2016-01-16,5,Sat,False,False,71.0
2016-01-17,6,Sun,False,False,108.0
2016-01-18,0,Mon,False,False,116.0
2016-01-19,1,Tue,False,False,86.0
2016-01-20,2,Wed,False,False,73.0
2016-01-21,3,Thur,False,False,93.0
2016-01-22,4,Fri,False,False,99.0
2016-01-23,5,Sat,False,False,68.0
2016-01-24,6,Sun,False,False,109.0
2016-01-25,0,Mon,False,False,115.0
2016-01-26,1,Tue,False,False,88.0
2016-01-27,2,Wed,False,False,87.0
2016-01-28,3,Thur,False,False,94.0
2016-01-29,4,Fri,False,False,98.0
2016-01-30,5,Sat,False,False,67.0
2016-01-31,6,Sun,False,False,108.0
2016-02-01,0,Mon,False,False,117.0
2016-02-02,1,Tue,False,False,90.0
2016-02-03,2,Wed,False,False,88.0
2016-02-04,3,Thur,False,False,95.0
2016-02-05,4,Fri,False,False,104.0
2016-02-06,5,Sat,False,False,68.0
2016-02-07,6,Sun,False,False,109.0
2016-02-08,0,Mon,False,False,115.0
2016-02-09,1,Tue,False,False,87.0
2016-02-10,2,Wed,False,False,82.0
2016-02-11,3,Thur,False,False,94.0
2016-02-12,4,Fri,False,False,102.0
2016-02-13,5,Sat,False,False,72.0
2016-02-14,6,Sun,False,False,109.0
2016-02-15,0,Mon,False,False,108.0
2016-02-16,1,Tue,False,False,87.0
2016-02-17,2,Wed,False,False,77.0
2016-02-18,3,Thur,False,False,97.0
2016-02-19,4,Fri,False,False,104.0
2016-02-20,5,Sat,False,False,70.0
2016-02-21,6,Sun,False,False,109.0
2016-02-22,0,Mon,False,False,120.0
2016-02-23,1,Tue,False,False,89.0
2016-02-24,2,Wed,False,False,77.0
2016-02-25,3,Thur,False,False,91.0
2016-02-26,4,Fri,False,False,94.0
2016-02-27,5,Sat,False,False,71.0
2016-02-28,6,Sun,False,False,107.0
2016-02-29,0,Mon,False,False,117.0
2016-03-01,1,Tue,False,False,91.0
2016-03-02,2,Wed,False,False,78.0
2016-03-03,3,Thur,False,False,97.0
2016-03-04,4,Fri,False,False,108.0
2016-03-05,5,Sat,False,False,71.0
2016-03-06,6,Sun,False,False,109.0
2016-03-07,0,Mon,False,False,113.0
2016-03-08,1,Tue,False,False,86.0
2016-03-09,2,Wed,False,False,81.0
2016-03-10,3,Thur,False,False,94.0
2016-03-11,4,Fri,False,False,101.0
2016-03-12,5,Sat,False,False,68.0
2016-03-13,6,Sun,False,False,108.0
2016-03-14,0,Mon,False,False,116.0
2016-03-15,1,Tue,False,False,84.0
2016-03-16,2,Wed,False,False,81.0
2016-03-17,3,Thur,False,False,96.0
2016-03-18,4,Fri,False,False,94.0
2016-03-19,5,Sat,False,False,68.0
2016-03-20,6,Sun,False,False,108.0
2016-03-21,0,Mon,False,True,106.0
2016-03-22,1,Tue,False,True,85.0
2016-03-23,2,Wed,False,True,75.0
2016-03-24,3,Thur,False,True,87.0
2016-03-25,4,Fri,True,True,109.0
2016-03-26,5,Sat,False,True,65.0
2016-03-27,6,Sun,False,True,102.0
2016-03-28,0,Mon,True,True,117.0
2016-03-29,1,Tue,False,True,83.0
2016-03-30,2,Wed,False,True,74.0
2016-03-31,3,Thur,False,True,84.0
2016-04-01,4,Fri,False,True,95.0
2016-04-02,5,Sat,False,True,61.0
2016-04-03,6,Sun,False,False,109.0
2016-04-04,0,Mon,False,False,119.0
2016-04-05,1,Tue,False,False,88.0
2016-04-06,2,Wed,False,False,80.0
2016-04-07,3,Thur,False,False,95.0
2016-04-08,4,Fri,False,False,105.0
2016-04-09,5,Sat,False,False,69.0
2016-04-10,6,Sun,False,False,109.0
2016-04-11,0,Mon,False,False,114.0
2016-04-12,1,Tue,False,False,88.0
2016-04-13,2,Wed,False,False,77.0
2016-04-14,3,Thur,False,False,95.0
2016-04-15,4,Fri,False,False,104.0
2016-04-16,5,Sat,False,False,72.0
2016-04-17,6,Sun,False,False,110.0
2016-04-18,0,Mon,False,False,108.0
2016-04-19,1,Tue,False,False,90.0
2016-04-20,2,Wed,False,False,83.0
2016-04-21,3,Thur,False,False,94.0
2016-04-22,4,Fri,False,False,100.0
2016-04-23,5,Sat,False,False,70.0
2016-04-24,6,Sun,False,False,107.0
2016-04-25,0,Mon,False,False,111.0
2016-04-26,1,Tue,False,False,86.0
2016-04-27,2,Wed,False,False,84.0
2016-04-28,3,Thur,False,False,94.0
2016-04-29,4,Fri,False,False,95.0
2016-04-30,5,Sat,False,False,68.0
2016-05-01,6,Sun,True,False,123.0
2016-05-02,0,Mon,False,False,118.0
2016-05-03,1,Tue,False,False,89.0
2016-05-04,2,Wed,False,False,80.0
2016-05-05,3,Thur,True,False,114.0
2016-05-06,4,Fri,False,False,107.0
2016-05-07,5,Sat,False,False,67.0
2016-05-08,6,Sun,False,False,108.0
2016-05-09,0,Mon,False,False,114.0
2016-05-10,1,Tue,False,False,89.0
2016-05-11,2,Wed,False,False,74.0
2016-05-12,3,Thur,False,False,92.0
2016-05-13,4,Fri,False,False,104.0
2016-05-14,5,Sat,False,False,72.0
2016-05-15,6,Sun,False,False,109.0
2016-05-16,0,Mon,True,False,123.0
2016-05-17,1,Tue,False,True,83.0
2016-05-18,2,Wed,False,False,83.0
2016-05-19,3,Thur,False,False,93.0
2016-05-20,4,Fri,False,False,98.0
2016-05-21,5,Sat,False,False,73.0
2016-05-22,6,Sun,False,False,108.0
2016-05-23,0,Mon,False,False,114.0
2016-05-24,1,Tue,False,False,88.0
2016-05-25,2,Wed,False,False,80.0
2016-05-26,3,Thur,True,False,110.0
2016-05-27,4,Fri,False,False,99.0
2016-05-28,5,Sat,False,False,67.0
2016-05-29,6,Sun,False,False,109.0
2016-05-30,0,Mon,False,False,119.0
2016-05-31,1,Tue,False,False,87.0
2016-06-01,2,Wed,False,False,84.0
2016-06-02,3,Thur,False,False,92.0
2016-06-03,4,Fri,False,False,101.0
2016-06-04,5,Sat,False,False,67.0
2016-06-05,6,Sun,False,False,109.0
2016-06-06,0,Mon,False,False,118.0
2016-06-07,1,Tue,False,False,87.0
2016-06-08,2,Wed,False,False,82.0
2016-06-09,3,Thur,False,False,96.0
2016-06-10,4,Fri,False,False,103.0
2016-06-11,5,Sat,False,False,69.0
2016-06-12,6,Sun,False,False,110.0
2016-06-13,0,Mon,False,False,119.0
2016-06-14,1,Tue,False,False,86.0
2016-06-15,2,Wed,False,False,85.0
2016-06-16,3,Thur,False,False,93.0
2016-06-17,4,Fri,False,False,96.0
2016-06-18,5,Sat,False,False,72.0
2016-06-19,6,Sun,False,False,108.0
2016-06-20,0,Mon,False,False,118.0
2016-06-21,1,Tue,False,False,86.0
2016-06-22,2,Wed,False,False,85.0
2016-06-23,3,Thur,False,False,96.0
2016-06-24,4,Fri,False,False,106.0
2016-06-25,5,Sat,False,False,70.0
2016-06-26,6,Sun,False,False,109.0
2016-06-27,0,Mon,False,False,119.0
2016-06-28,1,Tue,False,False,86.0
2016-06-29,2,Wed,False,False,76.0
2016-06-30,3,Thur,False,False,94.0
2016-07-01,4,Fri,False,False,100.0
2016-07-02,5,Sat,False,False,67.0
2016-07-03,6,Sun,False,False,109.0
2016-07-04,0,Mon,False,False,115.0
2016-07-05,1,Tue,False,False,87.0
2016-07-06,2,Wed,False,False,84.0
2016-07-07,3,Thur,False,False,96.0
2016-07-08,4,Fri,False,False,102.0
2016-07-09,5,Sat,False,False,72.0
2016-07-10,6,Sun,False,False,109.0
2016-07-11,0,Mon,False,True,108.0
2016-07-12,1,Tue,False,True,80.0
2016-07-13,2,Wed,False,True,71.0
2016-07-14,3,Thur,False,True,85.0
2016-07-15,4,Fri,False,True,99.0
2016-07-16,5,Sat,False,True,57.0
2016-07-17,6,Sun,False,True,102.0
2016-07-18,0,Mon,False,True,107.0
2016-07-19,1,Tue,False,True,83.0
2016-07-20,2,Wed,False,True,73.0
2016-07-21,3,Thur,False,True,90.0
2016-07-22,4,Fri,False,True,98.0
2016-07-23,5,Sat,False,True,57.0
2016-07-24,6,Sun,False,True,104.0
2016-07-25,0,Mon,False,True,106.0
2016-07-26,1,Tue,False,True,80.0
2016-07-27,2,Wed,False,True,78.0
2016-07-28,3,Thur,False,True,85.0
2016-07-29,4,Fri,False,True,97.0
2016-07-30,5,Sat,False,True,63.0
2016-07-31,6,Sun,False,True,103.0
2016-08-01,0,Mon,False,True,114.0
2016-08-02,1,Tue,False,True,78.0
2016-08-03,2,Wed,False,True,76.0
2016-08-04,3,Thur,False,True,89.0
2016-08-05,4,Fri,False,True,99.0
2016-08-06,5,Sat,False,True,61.0
2016-08-07,6,Sun,False,True,102.0
2016-08-08,0,Mon,False,True,108.0
2016-08-09,1,Tue,False,True,81.0
2016-08-10,2,Wed,False,True,79.0
2016-08-11,3,Thur,False,True,85.0
2016-08-12,4,Fri,False,True,105.0
2016-08-13,5,Sat,False,True,57.0
2016-08-14,6,Sun,False,True,99.0
2016-08-15,0,Mon,False,True,98.0
2016-08-16,1,Tue,False,True,76.0
2016-08-17,2,Wed,False,True,71.0
2016-08-18,3,Thur,False,True,83.0
2016-08-19,4,Fri,False,True,89.0
2016-08-20,5,Sat,False,True,64.0
2016-08-21,6,Sun,False,True,107.0
2016-08-22,0,Mon,False,True,113.0
2016-08-23,1,Tue,False,True,77.0
2016-08-24,2,Wed,False,False,81.0
2016-08-25,3,Thur,False,False,92.0
2016-08-26,4,Fri,False,False,106.0
2016-08-27,5,Sat,False,False,68.0
2016-08-28,6,Sun,False,False,108.0
2016-08-29,0,Mon,False,False,117.0
2016-08-30,1,Tue,False,False,88.0
2016-08-31,2,Wed,False,False,84.0
2016-09-01,3,Thur,False,False,91.0
2016-09-02,4,Fri,False,False,100.0
2016-09-03,5,Sat,False,False,73.0
2016-09-04,6,Sun,False,False,108.0
2016-09-05,0,Mon,False,False,118.0
2016-09-06,1,Tue,False,False,85.0
2016-09-07,2,Wed,False,False,82.0
2016-09-08,3,Thur,False,False,93.0
2016-09-09,4,Fri,False,False,95.0
2016-09-10,5,Sat,False,False,67.0
2016-09-11,6,Sun,False,False,109.0
2016-09-12,0,Mon,False,False,118.0
2016-09-13,1,Tue,False,False,87.0
2016-09-14,2,Wed,False,False,74.0
2016-09-15,3,Thur,False,False,95.0
2016-09-16,4,Fri,False,False,94.0
2016-09-17,5,Sat,False,False,71.0
2016-09-18,6,Sun,False,False,111.0
2016-09-19,0,Mon,False,False,113.0
2016-09-20,1,Tue,False,False,84.0
2016-09-21,2,Wed,False,False,75.0
2016-09-22,3,Thur,False,False,96.0
2016-09-23,4,Fri,False,False,96.0
2016-09-24,5,Sat,False,False,71.0
2016-09-25,6,Sun,False,False,109.0
2016-09-26,0,Mon,False,False,119.0
2016-09-27,1,Tue,False,False,85.0
2016-09-28,2,Wed,False,False,74.0
2016-09-29,3,Thur,False,False,92.0
2016-09-30,4,Fri,False,False,103.0
2016-10-01,5,Sat,False,False,69.0
2016-10-02,6,Sun,False,False,111.0
2016-10-03,0,Mon,True,False,135.0
2016-10-04,1,Tue,False,False,88.0
2016-10-05,2,Wed,False,False,80.0
2016-10-06,3,Thur,False,False,95.0
2016-10-07,4,Fri,False,False,103.0
2016-10-08,5,Sat,False,False,70.0
2016-10-09,6,Sun,False,False,107.0
2016-10-10,0,Mon,False,True,111.0
2016-10-11,1,Tue,False,True,77.0
2016-10-12,2,Wed,False,True,78.0
2016-10-13,3,Thur,False,True,89.0
2016-10-14,4,Fri,False,True,90.0
2016-10-15,5,Sat,False,True,63.0
2016-10-16,6,Sun,False,True,106.0
2016-10-17,0,Mon,False,True,109.0
2016-10-18,1,Tue,False,True,86.0
2016-10-19,2,Wed,False,True,79.0
2016-10-20,3,Thur,False,True,88.0
2016-10-21,4,Fri,False,True,85.0
2016-10-22,5,Sat,False,False,72.0
2016-10-23,6,Sun,False,False,106.0
2016-10-24,0,Mon,False,False,112.0
2016-10-25,1,Tue,False,False,89.0
2016-10-26,2,Wed,False,False,89.0
2016-10-27,3,Thur,False,False,96.0
2016-10-28,4,Fri,False,False,103.0
2016-10-29,5,Sat,False,False,69.0
2016-10-30,6,Sun,False,False,108.0
2016-10-31,0,Mon,False,False,113.0
2016-11-01,1,Tue,True,False,108.0
2016-11-02,2,Wed,False,False,76.0
2016-11-03,3,Thur,False,False,94.0
2016-11-04,4,Fri,False,False,97.0
2016-11-05,5,Sat,False,False,71.0
2016-11-06,6,Sun,False,False,113.0
2016-11-07,0,Mon,False,False,113.0
2016-11-08,1,Tue,False,False,86.0
2016-11-09,2,Wed,False,False,85.0
2016-11-10,3,Thur,False,False,95.0
2016-11-11,4,Fri,False,False,106.0
2016-11-12,5,Sat,False,False,69.0
2016-11-13,6,Sun,False,False,106.0
2016-11-14,0,Mon,False,False,120.0
2016-11-15,1,Tue,False,False,91.0
2016-11-16,2,Wed,False,False,85.0
2016-11-17,3,Thur,False,False,94.0
2016-11-18,4,Fri,False,False,101.0
2016-11-19,5,Sat,False,False,74.0
2016-11-20,6,Sun,False,False,109.0
2016-11-21,0,Mon,False,False,113.0
2016-11-22,1,Tue,False,False,87.0
2016-11-23,2,Wed,False,False,81.0
2016-11-24,3,Thur,False,False,96.0
2016-11-25,4,Fri,False,False,93.0
2016-11-26,5,Sat,False,False,68.0
2016-11-27,6,Sun,False,False,107.0
2016-11-28,0,Mon,False,False,119.0
2016-11-29,1,Tue,False,False,88.0
2016-11-30,2,Wed,False,False,77.0
2016-12-01,3,Thur,False,False,93.0
2016-12-02,4,Fri,False,False,105.0
2016-12-03,5,Sat,False,False,73.0
2016-12-04,6,Sun,False,False,109.0
2016-12-05,0,Mon,False,False,118.0
2016-12-06,1,Tue,False,False,89.0
2016-12-07,2,Wed,False,False,82.0
2016-12-08,3,Thur,False,False,93.0
2016-12-09,4,Fri,False,False,106.0
2016-12-10,5,Sat,False,False,71.0
2016-12-11,6,Sun,False,False,108.0
2016-12-12,0,Mon,False,False,114.0
2016-12-13,1,Tue,False,False,89.0
2016-12-14,2,Wed,False,False,75.0
2016-12-15,3,Thur,False,False,90.0
2016-12-16,4,Fri,False,False,100.0
2016-12-17,5,Sat,False,False,67.0
2016-12-18,6,Sun,False,False,108.0
2016-12-19,0,Mon,False,False,115.0
2016-12-20,1,Tue,False,False,88.0
2016-12-21,2,Wed,False,False,82.0
2016-12-22,3,Thur,False,False,95.0
2016-12-23,4,Fri,False,True,90.0
2016-12-24,5,Sat,False,True,63.0
2016-12-25,6,Sun,True,True,119.0
2016-12-26,0,Mon,True,True,124.0
2016-12-27,1,Tue,False,True,85.0
2016-12-28,2,Wed,False,True,72.0
2016-12-29,3,Thur,False,True,84.0
2016-12-30,4,Fri,False,True,94.0
2016-12-31,5,Sat,False,True,58.0
2017-01-01,6,Sun,True,True,121.0
2017-01-02,0,Mon,False,True,113.0
2017-01-03,1,Tue,False,True,81.0
2017-01-04,2,Wed,False,True,74.0
2017-01-05,3,Thur,False,True,82.0
2017-01-06,4,Fri,False,True,98.0
2017-01-07,5,Sat,False,False,72.0
2017-01-08,6,Sun,False,False,106.0
2017-01-09,0,Mon,False,False,112.0
2017-01-10,1,Tue,False,False,88.0
2017-01-11,2,Wed,False,False,78.0
2017-01-12,3,Thur,False,False,94.0
2017-01-13,4,Fri,False,False,107.0
2017-01-14,5,Sat,False,False,70.0
2017-01-15,6,Sun,False,False,108.0
2017-01-16,0,Mon,False,False,116.0
2017-01-17,1,Tue,False,False,88.0
2017-01-18,2,Wed,False,False,80.0
2017-01-19,3,Thur,False,False,95.0
2017-01-20,4,Fri,False,False,102.0
2017-01-21,5,Sat,False,False,71.0
2017-01-22,6,Sun,False,False,107.0
2017-01-23,0,Mon,False,False,116.0
2017-01-24,1,Tue,False,False,89.0
2017-01-25,2,Wed,False,False,83.0
2017-01-26,3,Thur,False,False,97.0
2017-01-27,4,Fri,False,False,101.0
2017-01-28,5,Sat,False,False,69.0
2017-01-29,6,Sun,False,False,110.0
2017-01-30,0,Mon,False,False,114.0
2017-01-31,1,Tue,False,False,85.0
2017-02-01,2,Wed,False,False,86.0
2017-02-02,3,Thur,False,False,98.0
2017-02-03,4,Fri,False,False,96.0
2017-02-04,5,Sat,False,False,72.0
2017-02-05,6,Sun,False,False,110.0
2017-02-06,0,Mon,False,False,114.0
2017-02-07,1,Tue,False,False,87.0
2017-02-08,2,Wed,False,False,78.0
2017-02-09,3,Thur,False,False,95.0
2017-02-10,4,Fri,False,False,96.0
2017-02-11,5,Sat,False,False,75.0
2017-02-12,6,Sun,False,False,106.0
2017-02-13,0,Mon,False,False,112.0
2017-02-14,1,Tue,False,False,89.0
2017-02-15,2,Wed,False,False,69.0
2017-02-16,3,Thur,False,False,98.0
2017-02-17,4,Fri,False,False,104.0
2017-02-18,5,Sat,False,False,71.0
2017-02-19,6,Sun,False,False,109.0
2017-02-20,0,Mon,False,False,113.0
2017-02-21,1,Tue,False,False,86.0
2017-02-22,2,Wed,False,False,84.0
2017-02-23,3,Thur,False,False,94.0
2017-02-24,4,Fri,False,False,96.0
2017-02-25,5,Sat,False,False,70.0
2017-02-26,6,Sun,False,False,109.0
2017-02-27,0,Mon,False,False,112.0
2017-02-28,1,Tue,False,False,89.0
2017-03-01,2,Wed,False,False,74.0
2017-03-02,3,Thur,False,False,94.0
2017-03-03,4,Fri,False,False,101.0
2017-03-04,5,Sat,False,False,71.0
2017-03-05,6,Sun,False,False,109.0
2017-03-06,0,Mon,False,False,111.0
2017-03-07,1,Tue,False,False,89.0
2017-03-08,2,Wed,False,False,82.0
2017-03-09,3,Thur,False,False,93.0
2017-03-10,4,Fri,False,False,107.0
2017-03-11,5,Sat,False,False,68.0
2017-03-12,6,Sun,False,False,107.0
2017-03-13,0,Mon,False,False,117.0
2017-03-14,1,Tue,False,False,89.0
2017-03-15,2,Wed,False,False,76.0
2017-03-16,3,Thur,False,False,96.0
2017-03-17,4,Fri,False,False,105.0
2017-03-18,5,Sat,False,False,70.0
2017-03-19,6,Sun,False,False,115.0
2017-03-20,0,Mon,False,False,118.0
2017-03-21,1,Tue,False,False,91.0
2017-03-22,2,Wed,False,False,67.0
2017-03-23,3,Thur,False,False,95.0
2017-03-24,4,Fri,False,False,91.0
2017-03-25,5,Sat,False,False,69.0
2017-03-26,6,Sun,False,False,108.0
2017-03-27,0,Mon,False,False,115.0
2017-03-28,1,Tue,False,False,88.0
2017-03-29,2,Wed,False,False,80.0
2017-03-30,3,Thur,False,False,90.0
2017-03-31,4,Fri,False,False,96.0
2017-04-01,5,Sat,False,False,67.0
2017-04-02,6,Sun,False,False,107.0
2017-04-03,0,Mon,False,False,113.0
2017-04-04,1,Tue,False,False,87.0
2017-04-05,2,Wed,False,False,69.0
2017-04-06,3,Thur,False,False,94.0
